{
    "items": [
        {
            "Name": "SCENE",
            "TextColor": {
                "r": 1.0,
                "g": 1.0,
                "b": 1.0,
                "a": 1.0
            },
            "FontSize": 15,
            "FontStyle": 1,
            "ImageColor": {
                "r": 0.060030240565538409,
                "g": 0.29343181848526,
                "b": 0.6698113083839417,
                "a": 1.0
            },
            "ImageType": 0
        },
        {
            "Name": "SCRIPTS",
            "TextColor": {
                "r": 1.0,
                "g": 1.0,
                "b": 1.0,
                "a": 1.0
            },
            "FontSize": 15,
            "FontStyle": 1,
            "ImageColor": {
                "r": 0.1369217336177826,
                "g": 0.5188679099082947,
                "b": 0.061187244951725009,
                "a": 1.0
            },
            "ImageType": 0
        },
        {
            "Name": "SOUND",
            "TextColor": {
                "r": 1.0,
                "g": 1.0,
                "b": 1.0,
                "a": 1.0
            },
            "FontSize": 15,
            "FontStyle": 1,
            "ImageColor": {
                "r": 0.7830188870429993,
                "g": 0.44879764318466189,
                "b": 0.033241353929042819,
                "a": 1.0
            },
            "ImageType": 0
        },
        {
            "Name": "OTHER",
            "TextColor": {
                "r": 1.0,
                "g": 1.0,
                "b": 1.0,
                "a": 1.0
            },
            "FontSize": 15,
            "FontStyle": 1,
            "ImageColor": {
                "r": 0.2549839913845062,
                "g": 0.2647458612918854,
                "b": 0.28301888704299929,
                "a": 1.0
            },
            "ImageType": 0
        }
    ]
}